id,title,score,num_comments,author,created_utc,url,over_18,edited,spoiler,stickied
1e8qpba,I passed the GCP Data Engineer Cert without prior professional exp on the platform,54,13,EdenC13,2024-07-21 16:50:00,https://www.reddit.com/r/dataengineering/comments/1e8qpba/i_passed_the_gcp_data_engineer_cert_without_prior/,False,False,False,False
1e8ww0w,Why create a fact table surrogate key if the table has a proper primary key?,47,16,Cultured_dude,2024-07-21 21:18:02,https://www.reddit.com/r/dataengineering/comments/1e8ww0w/why_create_a_fact_table_surrogate_key_if_the/,False,False,False,False
1e8hbnz,So many useless data pipelines are getting createdâ€¦,43,7,Bright_Bunch_7208,2024-07-21 08:03:14,https://www.reddit.com/r/dataengineering/comments/1e8hbnz/so_many_useless_data_pipelines_are_getting_created/,False,False,False,False
1e8n2gi,How micro is a Micro-Service,23,21,harpooooooon,2024-07-21 14:05:05,https://www.reddit.com/r/dataengineering/comments/1e8n2gi/how_micro_is_a_microservice/,False,False,False,False
1e92jf1,Kimball Modelling - Article discussing the business process of model creation,11,0,nydasco,2024-07-22 01:47:13,https://www.reddit.com/r/dataengineering/comments/1e92jf1/kimball_modelling_article_discussing_the_business/,False,False,False,False
1e8irz1,Building Data Platforms from Scratch VS Third-Party Platforms,12,3,theoriginalmantooth,2024-07-21 09:51:15,https://www.reddit.com/r/dataengineering/comments/1e8irz1/building_data_platforms_from_scratch_vs/,False,False,False,False
1e8vw6k,How to use shared lake storage with diff computes (spark/fabric/databricks) to avoid vendor lock-ins ?,5,1,rasviz,2024-07-21 20:33:58,https://www.reddit.com/r/dataengineering/comments/1e8vw6k/how_to_use_shared_lake_storage_with_diff_computes/,False,False,False,False
1e96ee4,Are Tableau Prep flows pipelines?,3,6,samjenkins377,2024-07-22 05:23:55,https://www.reddit.com/r/dataengineering/comments/1e96ee4/are_tableau_prep_flows_pipelines/,False,False,False,False
1e8j9f0,Has anyone used the firestore to big query streaming extension. If then how can you partition the data? Is it possible to partition the data with a field available within the data field json?,2,0,gooner4lifejoe,2024-07-21 10:26:21,https://www.reddit.com/r/dataengineering/comments/1e8j9f0/has_anyone_used_the_firestore_to_big_query/,False,False,False,False
1e97qc2,AI in data engineering,2,0,Dear_Boysenberry_521,2024-07-22 06:52:34,https://www.reddit.com/r/dataengineering/comments/1e97qc2/ai_in_data_engineering/,False,False,False,False
1e97o71, Best practices for handling replicated data from RDS to Redshift  for DBT workflows,1,2,Purple_Wrap9596,2024-07-22 06:48:30,https://www.reddit.com/r/dataengineering/comments/1e97o71/best_practices_for_handling_replicated_data_from/,False,False,False,False
1e97i9d,"I want to bridge excel ""models"" with SQL, is it possible?",1,0,erlototo,2024-07-22 06:37:09,https://www.reddit.com/r/dataengineering/comments/1e97i9d/i_want_to_bridge_excel_models_with_sql_is_it/,False,False,False,False
1e8o0j1,"How AI, ML, Gen AI, and LLM Are Related",0,2,Bubbly_Bed_4478,2024-07-21 14:50:16,https://www.reddit.com/r/dataengineering/comments/1e8o0j1/how_ai_ml_gen_ai_and_llm_are_related/,False,False,False,False
